[
    {
        "path": "system/chassis/motherboard/powersupply0",
        "endpoints":
        [
            {
                "types":
                {
                    "rType": "inventory",
                    "fType": "sensors"
                },
                "paths":
                [
                    "/xyz/openbmc_project/sensors/power/ps0_input_power",
                    "/xyz/openbmc_project/sensors/voltage/ps0_input_voltage",
                    "/xyz/openbmc_project/sensors/current/ps0_output_current",
                    "/xyz/openbmc_project/sensors/voltage/ps0_output_voltage"
                ]
            },
            {
                "types":
                {
                    "rType": "inventory",
                    "fType": "leds"
                },
                "paths":
                [
                    "/xyz/openbmc_project/led/physical/cffps1_69"
                ]
            },
	    {
                "types": {
                    "rType": "powered_by",
                    "fType": "powering"
                },
                "paths": [
                    "/xyz/openbmc_project/inventory/system/chassis"
                ]
            }
        ]
    },
    {
        "path": "system/chassis/motherboard/powersupply1",
        "endpoints":
        [
            {
                "types":
                {
                    "rType": "inventory",
                    "fType": "sensors"
                },
                "paths":
                [
                    "/xyz/openbmc_project/sensors/power/ps1_input_power",
                    "/xyz/openbmc_project/sensors/voltage/ps1_input_voltage",
                    "/xyz/openbmc_project/sensors/current/ps1_output_current",
                    "/xyz/openbmc_project/sensors/voltage/ps1_output_voltage"
                ]
            },
            {
                "types":
                {
                    "rType": "inventory",
                    "fType": "leds"
                },
                "paths":
                [
                    "/xyz/openbmc_project/led/physical/cffps1_68"
                ]
            },
            {
                "types": {
                    "rType": "powered_by",
                    "fType": "powering"
                },
                "paths": [
                    "/xyz/openbmc_project/inventory/system/chassis"
                ]
            }
        ]
    },
    {
        "path": "system/chassis/motherboard/fan0",
        "endpoints":
        [
            {
                "types":
                {
                    "rType": "inventory",
                    "fType": "sensors"
                },
                "paths":
                [
                    "/xyz/openbmc_project/sensors/fan_tach/fan0_0",
                    "/xyz/openbmc_project/sensors/fan_tach/fan0_1"
                ]
            },
            {
                "types":
                {
                    "rType": "inventory",
                    "fType": "leds"
                },
                "paths":
                [
                    "/xyz/openbmc_project/led/physical/fan0"
                ]
            },
            {
                "types": {
                    "rType": "cooled_by",
                    "fType": "cooling"
                },
                "paths": [
                    "/xyz/openbmc_project/inventory/system/chassis"
                ]
            }
        ]
    },
    {
        "path": "system/chassis/motherboard/fan1",
        "endpoints":
        [
            {
                "types":
                {
                    "rType": "inventory",
                    "fType": "sensors"
                },
                "paths":
                [
                    "/xyz/openbmc_project/sensors/fan_tach/fan1_0",
                    "/xyz/openbmc_project/sensors/fan_tach/fan1_1"
                ]
            },
            {
                "types":
                {
                    "rType": "inventory",
                    "fType": "leds"
                },
                "paths":
                [
                    "/xyz/openbmc_project/led/physical/fan1"
                ]
            },
            {
                "types": {
                    "rType": "cooled_by",
                    "fType": "cooling"
                },
                "paths": [
                    "/xyz/openbmc_project/inventory/system/chassis"
                ]
            }
        ]
    },
    {
        "path": "system/chassis/motherboard/fan2",
        "endpoints":
        [
            {
                "types":
                {
                    "rType": "inventory",
                    "fType": "sensors"
                },
                "paths":
                [
                    "/xyz/openbmc_project/sensors/fan_tach/fan2_0",
                    "/xyz/openbmc_project/sensors/fan_tach/fan2_1"
                ]
            },
            {
                "types":
                {
                    "rType": "inventory",
                    "fType": "leds"
                },
                "paths":
                [
                    "/xyz/openbmc_project/led/physical/fan2"
                ]
            },
            {
                "types": {
                    "rType": "cooled_by",
                    "fType": "cooling"
                },
                "paths": [
                    "/xyz/openbmc_project/inventory/system/chassis"
                ]
            }
        ]
    },
    {
        "path": "system/chassis/motherboard/fan3",
        "endpoints":
        [
            {
                "types":
                {
                    "rType": "inventory",
                    "fType": "sensors"
                },
                "paths":
                [
                    "/xyz/openbmc_project/sensors/fan_tach/fan3_0",
                    "/xyz/openbmc_project/sensors/fan_tach/fan3_1"
                ]
            },
            {
                "types":
                {
                    "rType": "inventory",
                    "fType": "leds"
                },
                "paths":
                [
                    "/xyz/openbmc_project/led/physical/fan3"
                ]
            },
            {
                "types": {
                    "rType": "cooled_by",
                    "fType": "cooling"
                },
                "paths": [
                    "/xyz/openbmc_project/inventory/system/chassis"
                ]
            }
        ]
    },
    {
        "path": "system/chassis/motherboard",
        "endpoints":
        [
            {
                "types":
                {
                    "rType": "inventory",
                    "fType": "sensors"
                },
                "paths":
                [
                    "/xyz/openbmc_project/sensors/temperature/ambient",
                    "/xyz/openbmc_project/sensors/temperature/pcie",

                    "/xyz/openbmc_project/sensors/voltage/p0_vdd_voltage",
                    "/xyz/openbmc_project/sensors/voltage/p0_vcs_voltage",
                    "/xyz/openbmc_project/sensors/voltage/p0_vddr_voltage",
                    "/xyz/openbmc_project/sensors/voltage/p0_vdn_voltage",
                    "/xyz/openbmc_project/sensors/voltage/p1_vcs_voltage",
                    "/xyz/openbmc_project/sensors/voltage/p1_vdd_voltage",
                    "/xyz/openbmc_project/sensors/voltage/p1_vddr_voltage",
                    "/xyz/openbmc_project/sensors/voltage/p1_vdn_voltage",

                    "/xyz/openbmc_project/sensors/power/p0_vdd_power",
                    "/xyz/openbmc_project/sensors/power/p0_vcs_power",
                    "/xyz/openbmc_project/sensors/power/p0_vddr_power",
                    "/xyz/openbmc_project/sensors/power/p0_vdn_power",
                    "/xyz/openbmc_project/sensors/power/p1_vdd_power",
                    "/xyz/openbmc_project/sensors/power/p1_vcs_power",
                    "/xyz/openbmc_project/sensors/power/p1_vddr_power",
                    "/xyz/openbmc_project/sensors/power/p1_vdn_power",

                    "/xyz/openbmc_project/sensors/temperature/p0_vddr_temp",
                    "/xyz/openbmc_project/sensors/temperature/p0_vcs_temp",
                    "/xyz/openbmc_project/sensors/temperature/p0_vdd_temp",
                    "/xyz/openbmc_project/sensors/temperature/p0_vdn_temp",
                    "/xyz/openbmc_project/sensors/temperature/p1_vddr_temp",
                    "/xyz/openbmc_project/sensors/temperature/p1_vcs_temp",
                    "/xyz/openbmc_project/sensors/temperature/p1_vdd_temp",
                    "/xyz/openbmc_project/sensors/temperature/p1_vdn_temp",

                    "/xyz/openbmc_project/sensors/current/p0_vcs_current",
                    "/xyz/openbmc_project/sensors/current/p0_vddr_current",
                    "/xyz/openbmc_project/sensors/current/p0_vdd_current",
                    "/xyz/openbmc_project/sensors/current/p0_vdn_current",
                    "/xyz/openbmc_project/sensors/current/p1_vcs_current",
                    "/xyz/openbmc_project/sensors/current/p1_vddr_current",
                    "/xyz/openbmc_project/sensors/current/p1_vdd_current",
                    "/xyz/openbmc_project/sensors/current/p1_vdn_current",

                    "/xyz/openbmc_project/sensors/power/fan_disk_power",
                    "/xyz/openbmc_project/sensors/power/io_power",
                    "/xyz/openbmc_project/sensors/power/total_power",
                    "/xyz/openbmc_project/sensors/power/p0_io_power",
                    "/xyz/openbmc_project/sensors/power/p0_mem_power",
                    "/xyz/openbmc_project/sensors/power/p0_power",
                    "/xyz/openbmc_project/sensors/power/p1_io_power",
                    "/xyz/openbmc_project/sensors/power/p1_mem_power",
                    "/xyz/openbmc_project/sensors/power/p1_power"

                ]
            }
        ]
    },
    {
        "path": "system/chassis/motherboard/gv100card0",
        "endpoints":
        [
            {
                "types":
                {
                    "rType": "inventory",
                    "fType": "sensors"
                },
                "paths":
                [
                    "/xyz/openbmc_project/sensors/temperature/gpu0_core_temp",
                    "/xyz/openbmc_project/sensors/temperature/gpu0_mem_temp"
                ]
            }
        ]
    },
    {
        "path": "system/chassis/motherboard/gv100card1",
        "endpoints":
        [
            {
                "types":
                {
                    "rType": "inventory",
                    "fType": "sensors"
                },
                "paths":
                [
                    "/xyz/openbmc_project/sensors/temperature/gpu1_core_temp",
                    "/xyz/openbmc_project/sensors/temperature/gpu1_mem_temp"
                ]
            }
        ]
    },
    {
        "path": "system/chassis/motherboard/gv100card2",
        "endpoints":
        [
            {
                "types":
                {
                    "rType": "inventory",
                    "fType": "sensors"
                },
                "paths":
                [
                    "/xyz/openbmc_project/sensors/temperature/gpu2_core_temp",
                    "/xyz/openbmc_project/sensors/temperature/gpu2_mem_temp"
                ]
            }
        ]
    },
    {
        "path": "system/chassis/motherboard/gv100card3",
        "endpoints":
        [
            {
                "types":
                {
                    "rType": "inventory",
                    "fType": "sensors"
                },
                "paths":
                [
                    "/xyz/openbmc_project/sensors/temperature/gpu3_core_temp",
                    "/xyz/openbmc_project/sensors/temperature/gpu3_mem_temp"
                ]
            }
        ]
    },
    {
        "path": "system/chassis/motherboard/gv100card4",
        "endpoints":
        [
            {
                "types":
                {
                    "rType": "inventory",
                    "fType": "sensors"
                },
                "paths":
                [
                    "/xyz/openbmc_project/sensors/temperature/gpu4_core_temp",
                    "/xyz/openbmc_project/sensors/temperature/gpu4_mem_temp"
                ]
            }
        ]
    },
    {
        "path": "system/chassis/motherboard/gv100card5",
        "endpoints":
        [
            {
                "types":
                {
                    "rType": "inventory",
                    "fType": "sensors"
                },
                "paths":
                [
                    "/xyz/openbmc_project/sensors/temperature/gpu5_core_temp",
                    "/xyz/openbmc_project/sensors/temperature/gpu5_mem_temp"
                ]
            }
        ]
    },
    {
        "path": "system/chassis/motherboard/cpu0/core0",
        "endpoints":
        [
            {
                "types":
                {
                    "rType": "inventory",
                    "fType": "sensors"
                },
                "paths":
                [
                    "/xyz/openbmc_project/sensors/temperature/p0_core0_temp"
                ]
            }
        ]
    },
    {
        "path": "system/chassis/motherboard/cpu0/core1",
        "endpoints":
        [
            {
                "types":
                {
                    "rType": "inventory",
                    "fType": "sensors"
                },
                "paths":
                [
                    "/xyz/openbmc_project/sensors/temperature/p0_core1_temp"
                ]
            }
        ]
    },
    {
        "path": "system/chassis/motherboard/cpu0/core2",
        "endpoints":
        [
            {
                "types":
                {
                    "rType": "inventory",
                    "fType": "sensors"
                },
                "paths":
                [
                    "/xyz/openbmc_project/sensors/temperature/p0_core2_temp"
                ]
            }
        ]
    },
    {
        "path": "system/chassis/motherboard/cpu0/core3",
        "endpoints":
        [
            {
                "types":
                {
                    "rType": "inventory",
                    "fType": "sensors"
                },
                "paths":
                [
                    "/xyz/openbmc_project/sensors/temperature/p0_core3_temp"
                ]
            }
        ]
    },
    {
        "path": "system/chassis/motherboard/cpu0/core4",
        "endpoints":
        [
            {
                "types":
                {
                    "rType": "inventory",
                    "fType": "sensors"
                },
                "paths":
                [
                    "/xyz/openbmc_project/sensors/temperature/p0_core4_temp"
                ]
            }
        ]
    },
    {
        "path": "system/chassis/motherboard/cpu0/core5",
        "endpoints":
        [
            {
                "types":
                {
                    "rType": "inventory",
                    "fType": "sensors"
                },
                "paths":
                [
                    "/xyz/openbmc_project/sensors/temperature/p0_core5_temp"
                ]
            }
        ]
    },
    {
        "path": "system/chassis/motherboard/cpu0/core6",
        "endpoints":
        [
            {
                "types":
                {
                    "rType": "inventory",
                    "fType": "sensors"
                },
                "paths":
                [
                    "/xyz/openbmc_project/sensors/temperature/p0_core6_temp"
                ]
            }
        ]
    },
    {
        "path": "system/chassis/motherboard/cpu0/core7",
        "endpoints":
        [
            {
                "types":
                {
                    "rType": "inventory",
                    "fType": "sensors"
                },
                "paths":
                [
                    "/xyz/openbmc_project/sensors/temperature/p0_core7_temp"
                ]
            }
        ]
    },
    {
        "path": "system/chassis/motherboard/cpu0/core8",
        "endpoints":
        [
            {
                "types":
                {
                    "rType": "inventory",
                    "fType": "sensors"
                },
                "paths":
                [
                    "/xyz/openbmc_project/sensors/temperature/p0_core8_temp"
                ]
            }
        ]
    },
    {
        "path": "system/chassis/motherboard/cpu0/core9",
        "endpoints":
        [
            {
                "types":
                {
                    "rType": "inventory",
                    "fType": "sensors"
                },
                "paths":
                [
                    "/xyz/openbmc_project/sensors/temperature/p0_core9_temp"
                ]
            }
        ]
    },
    {
        "path": "system/chassis/motherboard/cpu0/core10",
        "endpoints":
        [
            {
                "types":
                {
                    "rType": "inventory",
                    "fType": "sensors"
                },
                "paths":
                [
                    "/xyz/openbmc_project/sensors/temperature/p0_core10_temp"
                ]
            }
        ]
    },
    {
        "path": "system/chassis/motherboard/cpu0/core11",
        "endpoints":
        [
            {
                "types":
                {
                    "rType": "inventory",
                    "fType": "sensors"
                },
                "paths":
                [
                    "/xyz/openbmc_project/sensors/temperature/p0_core11_temp"
                ]
            }
        ]
    },
    {
        "path": "system/chassis/motherboard/cpu0/core12",
        "endpoints":
        [
            {
                "types":
                {
                    "rType": "inventory",
                    "fType": "sensors"
                },
                "paths":
                [
                    "/xyz/openbmc_project/sensors/temperature/p0_core12_temp"
                ]
            }
        ]
    },
    {
        "path": "system/chassis/motherboard/cpu0/core13",
        "endpoints":
        [
            {
                "types":
                {
                    "rType": "inventory",
                    "fType": "sensors"
                },
                "paths":
                [
                    "/xyz/openbmc_project/sensors/temperature/p0_core13_temp"
                ]
            }
        ]
    },
    {
        "path": "system/chassis/motherboard/cpu0/core14",
        "endpoints":
        [
            {
                "types":
                {
                    "rType": "inventory",
                    "fType": "sensors"
                },
                "paths":
                [
                    "/xyz/openbmc_project/sensors/temperature/p0_core14_temp"
                ]
            }
        ]
    },
    {
        "path": "system/chassis/motherboard/cpu0/core15",
        "endpoints":
        [
            {
                "types":
                {
                    "rType": "inventory",
                    "fType": "sensors"
                },
                "paths":
                [
                    "/xyz/openbmc_project/sensors/temperature/p0_core15_temp"
                ]
            }
        ]
    },
    {
        "path": "system/chassis/motherboard/cpu0/core16",
        "endpoints":
        [
            {
                "types":
                {
                    "rType": "inventory",
                    "fType": "sensors"
                },
                "paths":
                [
                    "/xyz/openbmc_project/sensors/temperature/p0_core16_temp"
                ]
            }
        ]
    },
    {
        "path": "system/chassis/motherboard/cpu0/core17",
        "endpoints":
        [
            {
                "types":
                {
                    "rType": "inventory",
                    "fType": "sensors"
                },
                "paths":
                [
                    "/xyz/openbmc_project/sensors/temperature/p0_core17_temp"
                ]
            }
        ]
    },
    {
        "path": "system/chassis/motherboard/cpu0/core18",
        "endpoints":
        [
            {
                "types":
                {
                    "rType": "inventory",
                    "fType": "sensors"
                },
                "paths":
                [
                    "/xyz/openbmc_project/sensors/temperature/p0_core18_temp"
                ]
            }
        ]
    },
    {
        "path": "system/chassis/motherboard/cpu0/core19",
        "endpoints":
        [
            {
                "types":
                {
                    "rType": "inventory",
                    "fType": "sensors"
                },
                "paths":
                [
                    "/xyz/openbmc_project/sensors/temperature/p0_core19_temp"
                ]
            }
        ]
    },
    {
        "path": "system/chassis/motherboard/cpu0/core20",
        "endpoints":
        [
            {
                "types":
                {
                    "rType": "inventory",
                    "fType": "sensors"
                },
                "paths":
                [
                    "/xyz/openbmc_project/sensors/temperature/p0_core20_temp"
                ]
            }
        ]
    },
    {
        "path": "system/chassis/motherboard/cpu0/core21",
        "endpoints":
        [
            {
                "types":
                {
                    "rType": "inventory",
                    "fType": "sensors"
                },
                "paths":
                [
                    "/xyz/openbmc_project/sensors/temperature/p0_core21_temp"
                ]
            }
        ]
    },
    {
        "path": "system/chassis/motherboard/cpu0/core22",
        "endpoints":
        [
            {
                "types":
                {
                    "rType": "inventory",
                    "fType": "sensors"
                },
                "paths":
                [
                    "/xyz/openbmc_project/sensors/temperature/p0_core22_temp"
                ]
            }
        ]
    },
    {
        "path": "system/chassis/motherboard/cpu0/core23",
        "endpoints":
        [
            {
                "types":
                {
                    "rType": "inventory",
                    "fType": "sensors"
                },
                "paths":
                [
                    "/xyz/openbmc_project/sensors/temperature/p0_core23_temp"
                ]
            }
        ]
    },

    {
        "path": "system/chassis/motherboard/cpu1/core0",
        "endpoints":
        [
            {
                "types":
                {
                    "rType": "inventory",
                    "fType": "sensors"
                },
                "paths":
                [
                    "/xyz/openbmc_project/sensors/temperature/p1_core0_temp"
                ]
            }
        ]
    },
    {
        "path": "system/chassis/motherboard/cpu1/core1",
        "endpoints":
        [
            {
                "types":
                {
                    "rType": "inventory",
                    "fType": "sensors"
                },
                "paths":
                [
                    "/xyz/openbmc_project/sensors/temperature/p1_core1_temp"
                ]
            }
        ]
    },
    {
        "path": "system/chassis/motherboard/cpu1/core2",
        "endpoints":
        [
            {
                "types":
                {
                    "rType": "inventory",
                    "fType": "sensors"
                },
                "paths":
                [
                    "/xyz/openbmc_project/sensors/temperature/p1_core2_temp"
                ]
            }
        ]
    },
    {
        "path": "system/chassis/motherboard/cpu1/core3",
        "endpoints":
        [
            {
                "types":
                {
                    "rType": "inventory",
                    "fType": "sensors"
                },
                "paths":
                [
                    "/xyz/openbmc_project/sensors/temperature/p1_core3_temp"
                ]
            }
        ]
    },
    {
        "path": "system/chassis/motherboard/cpu1/core4",
        "endpoints":
        [
            {
                "types":
                {
                    "rType": "inventory",
                    "fType": "sensors"
                },
                "paths":
                [
                    "/xyz/openbmc_project/sensors/temperature/p1_core4_temp"
                ]
            }
        ]
    },
    {
        "path": "system/chassis/motherboard/cpu1/core5",
        "endpoints":
        [
            {
                "types":
                {
                    "rType": "inventory",
                    "fType": "sensors"
                },
                "paths":
                [
                    "/xyz/openbmc_project/sensors/temperature/p1_core5_temp"
                ]
            }
        ]
    },
    {
        "path": "system/chassis/motherboard/cpu1/core6",
        "endpoints":
        [
            {
                "types":
                {
                    "rType": "inventory",
                    "fType": "sensors"
                },
                "paths":
                [
                    "/xyz/openbmc_project/sensors/temperature/p1_core6_temp"
                ]
            }
        ]
    },
    {
        "path": "system/chassis/motherboard/cpu1/core7",
        "endpoints":
        [
            {
                "types":
                {
                    "rType": "inventory",
                    "fType": "sensors"
                },
                "paths":
                [
                    "/xyz/openbmc_project/sensors/temperature/p1_core7_temp"
                ]
            }
        ]
    },
    {
        "path": "system/chassis/motherboard/cpu1/core8",
        "endpoints":
        [
            {
                "types":
                {
                    "rType": "inventory",
                    "fType": "sensors"
                },
                "paths":
                [
                    "/xyz/openbmc_project/sensors/temperature/p1_core8_temp"
                ]
            }
        ]
    },
    {
        "path": "system/chassis/motherboard/cpu1/core9",
        "endpoints":
        [
            {
                "types":
                {
                    "rType": "inventory",
                    "fType": "sensors"
                },
                "paths":
                [
                    "/xyz/openbmc_project/sensors/temperature/p1_core9_temp"
                ]
            }
        ]
    },
    {
        "path": "system/chassis/motherboard/cpu1/core10",
        "endpoints":
        [
            {
                "types":
                {
                    "rType": "inventory",
                    "fType": "sensors"
                },
                "paths":
                [
                    "/xyz/openbmc_project/sensors/temperature/p1_core10_temp"
                ]
            }
        ]
    },
    {
        "path": "system/chassis/motherboard/cpu1/core11",
        "endpoints":
        [
            {
                "types":
                {
                    "rType": "inventory",
                    "fType": "sensors"
                },
                "paths":
                [
                    "/xyz/openbmc_project/sensors/temperature/p1_core11_temp"
                ]
            }
        ]
    },
    {
        "path": "system/chassis/motherboard/cpu1/core12",
        "endpoints":
        [
            {
                "types":
                {
                    "rType": "inventory",
                    "fType": "sensors"
                },
                "paths":
                [
                    "/xyz/openbmc_project/sensors/temperature/p1_core12_temp"
                ]
            }
        ]
    },
    {
        "path": "system/chassis/motherboard/cpu1/core13",
        "endpoints":
        [
            {
                "types":
                {
                    "rType": "inventory",
                    "fType": "sensors"
                },
                "paths":
                [
                    "/xyz/openbmc_project/sensors/temperature/p1_core13_temp"
                ]
            }
        ]
    },
    {
        "path": "system/chassis/motherboard/cpu1/core14",
        "endpoints":
        [
            {
                "types":
                {
                    "rType": "inventory",
                    "fType": "sensors"
                },
                "paths":
                [
                    "/xyz/openbmc_project/sensors/temperature/p1_core14_temp"
                ]
            }
        ]
    },
    {
        "path": "system/chassis/motherboard/cpu1/core15",
        "endpoints":
        [
            {
                "types":
                {
                    "rType": "inventory",
                    "fType": "sensors"
                },
                "paths":
                [
                    "/xyz/openbmc_project/sensors/temperature/p1_core15_temp"
                ]
            }
        ]
    },
    {
        "path": "system/chassis/motherboard/cpu1/core16",
        "endpoints":
        [
            {
                "types":
                {
                    "rType": "inventory",
                    "fType": "sensors"
                },
                "paths":
                [
                    "/xyz/openbmc_project/sensors/temperature/p1_core16_temp"
                ]
            }
        ]
    },
    {
        "path": "system/chassis/motherboard/cpu1/core17",
        "endpoints":
        [
            {
                "types":
                {
                    "rType": "inventory",
                    "fType": "sensors"
                },
                "paths":
                [
                    "/xyz/openbmc_project/sensors/temperature/p1_core17_temp"
                ]
            }
        ]
    },
    {
        "path": "system/chassis/motherboard/cpu1/core18",
        "endpoints":
        [
            {
                "types":
                {
                    "rType": "inventory",
                    "fType": "sensors"
                },
                "paths":
                [
                    "/xyz/openbmc_project/sensors/temperature/p1_core18_temp"
                ]
            }
        ]
    },
    {
        "path": "system/chassis/motherboard/cpu1/core19",
        "endpoints":
        [
            {
                "types":
                {
                    "rType": "inventory",
                    "fType": "sensors"
                },
                "paths":
                [
                    "/xyz/openbmc_project/sensors/temperature/p1_core19_temp"
                ]
            }
        ]
    },
    {
        "path": "system/chassis/motherboard/cpu1/core20",
        "endpoints":
        [
            {
                "types":
                {
                    "rType": "inventory",
                    "fType": "sensors"
                },
                "paths":
                [
                    "/xyz/openbmc_project/sensors/temperature/p1_core20_temp"
                ]
            }
        ]
    },
    {
        "path": "system/chassis/motherboard/cpu1/core21",
        "endpoints":
        [
            {
                "types":
                {
                    "rType": "inventory",
                    "fType": "sensors"
                },
                "paths":
                [
                    "/xyz/openbmc_project/sensors/temperature/p1_core21_temp"
                ]
            }
        ]
    },
    {
        "path": "system/chassis/motherboard/cpu1/core22",
        "endpoints":
        [
            {
                "types":
                {
                    "rType": "inventory",
                    "fType": "sensors"
                },
                "paths":
                [
                    "/xyz/openbmc_project/sensors/temperature/p1_core22_temp"
                ]
            }
        ]
    },
    {
        "path": "system/chassis/motherboard/cpu1/core23",
        "endpoints":
        [
            {
                "types":
                {
                    "rType": "inventory",
                    "fType": "sensors"
                },
                "paths":
                [
                    "/xyz/openbmc_project/sensors/temperature/p1_core23_temp"
                ]
            }
        ]
    },

    {
        "path": "system/chassis/motherboard/dimm0",
        "endpoints":
        [
            {
                "types":
                {
                    "rType": "inventory",
                    "fType": "sensors"
                },
                "paths":
                [
                    "/xyz/openbmc_project/sensors/temperature/dimm0_temp"
                ]
            }
        ]
    },
    {
        "path": "system/chassis/motherboard/dimm1",
        "endpoints":
        [
            {
                "types":
                {
                    "rType": "inventory",
                    "fType": "sensors"
                },
                "paths":
                [
                    "/xyz/openbmc_project/sensors/temperature/dimm1_temp"
                ]
            }
        ]
    },
    {
        "path": "system/chassis/motherboard/dimm2",
        "endpoints":
        [
            {
                "types":
                {
                    "rType": "inventory",
                    "fType": "sensors"
                },
                "paths":
                [
                    "/xyz/openbmc_project/sensors/temperature/dimm2_temp"
                ]
            }
        ]
    },
    {
        "path": "system/chassis/motherboard/dimm3",
        "endpoints":
        [
            {
                "types":
                {
                    "rType": "inventory",
                    "fType": "sensors"
                },
                "paths":
                [
                    "/xyz/openbmc_project/sensors/temperature/dimm3_temp"
                ]
            }
        ]
    },
    {
        "path": "system/chassis/motherboard/dimm4",
        "endpoints":
        [
            {
                "types":
                {
                    "rType": "inventory",
                    "fType": "sensors"
                },
                "paths":
                [
                    "/xyz/openbmc_project/sensors/temperature/dimm4_temp"
                ]
            }
        ]
    },
    {
        "path": "system/chassis/motherboard/dimm5",
        "endpoints":
        [
            {
                "types":
                {
                    "rType": "inventory",
                    "fType": "sensors"
                },
                "paths":
                [
                    "/xyz/openbmc_project/sensors/temperature/dimm5_temp"
                ]
            }
        ]
    },
    {
        "path": "system/chassis/motherboard/dimm6",
        "endpoints":
        [
            {
                "types":
                {
                    "rType": "inventory",
                    "fType": "sensors"
                },
                "paths":
                [
                    "/xyz/openbmc_project/sensors/temperature/dimm6_temp"
                ]
            }
        ]
    },
    {
        "path": "system/chassis/motherboard/dimm7",
        "endpoints":
        [
            {
                "types":
                {
                    "rType": "inventory",
                    "fType": "sensors"
                },
                "paths":
                [
                    "/xyz/openbmc_project/sensors/temperature/dimm7_temp"
                ]
            }
        ]
    },
    {
        "path": "system/chassis/motherboard/dimm8",
        "endpoints":
        [
            {
                "types":
                {
                    "rType": "inventory",
                    "fType": "sensors"
                },
                "paths":
                [
                    "/xyz/openbmc_project/sensors/temperature/dimm8_temp"
                ]
            }
        ]
    },
    {
        "path": "system/chassis/motherboard/dimm9",
        "endpoints":
        [
            {
                "types":
                {
                    "rType": "inventory",
                    "fType": "sensors"
                },
                "paths":
                [
                    "/xyz/openbmc_project/sensors/temperature/dimm9_temp"
                ]
            }
        ]
    },
    {
        "path": "system/chassis/motherboard/dimm10",
        "endpoints":
        [
            {
                "types":
                {
                    "rType": "inventory",
                    "fType": "sensors"
                },
                "paths":
                [
                    "/xyz/openbmc_project/sensors/temperature/dimm10_temp"
                ]
            }
        ]
    },
    {
        "path": "system/chassis/motherboard/dimm11",
        "endpoints":
        [
            {
                "types":
                {
                    "rType": "inventory",
                    "fType": "sensors"
                },
                "paths":
                [
                    "/xyz/openbmc_project/sensors/temperature/dimm11_temp"
                ]
            }
        ]
    },
    {
        "path": "system/chassis/motherboard/dimm12",
        "endpoints":
        [
            {
                "types":
                {
                    "rType": "inventory",
                    "fType": "sensors"
                },
                "paths":
                [
                    "/xyz/openbmc_project/sensors/temperature/dimm12_temp"
                ]
            }
        ]
    },
    {
        "path": "system/chassis/motherboard/dimm13",
        "endpoints":
        [
            {
                "types":
                {
                    "rType": "inventory",
                    "fType": "sensors"
                },
                "paths":
                [
                    "/xyz/openbmc_project/sensors/temperature/dimm13_temp"
                ]
            }
        ]
    },
    {
        "path": "system/chassis/motherboard/dimm14",
        "endpoints":
        [
            {
                "types":
                {
                    "rType": "inventory",
                    "fType": "sensors"
                },
                "paths":
                [
                    "/xyz/openbmc_project/sensors/temperature/dimm14_temp"
                ]
            }
        ]
    },
    {
        "path": "system/chassis/motherboard/dimm15",
        "endpoints":
        [
            {
                "types":
                {
                    "rType": "inventory",
                    "fType": "sensors"
                },
                "paths":
                [
                    "/xyz/openbmc_project/sensors/temperature/dimm15_temp"
                ]
            }
        ]
    },
    {
        "path": "system/chassis",
        "endpoints":
        [
            {
                "types":
                {
                    "rType": "chassis",
                    "fType": "all_sensors"
                },
                "paths":
                [
                    "/xyz/openbmc_project/sensors/fan_tach/fan0_0",
                    "/xyz/openbmc_project/sensors/fan_tach/fan0_1",
                    "/xyz/openbmc_project/sensors/fan_tach/fan1_0",
                    "/xyz/openbmc_project/sensors/fan_tach/fan1_1",
                    "/xyz/openbmc_project/sensors/fan_tach/fan2_0",
                    "/xyz/openbmc_project/sensors/fan_tach/fan2_1",
                    "/xyz/openbmc_project/sensors/fan_tach/fan3_0",
                    "/xyz/openbmc_project/sensors/fan_tach/fan3_1",

                    "/xyz/openbmc_project/sensors/temperature/ambient",
                    "/xyz/openbmc_project/sensors/temperature/pcie",

                    "/xyz/openbmc_project/sensors/temperature/gpu0_core_temp",
                    "/xyz/openbmc_project/sensors/temperature/gpu0_mem_temp",
                    "/xyz/openbmc_project/sensors/temperature/gpu1_core_temp",
                    "/xyz/openbmc_project/sensors/temperature/gpu1_mem_temp",
                    "/xyz/openbmc_project/sensors/temperature/gpu2_core_temp",
                    "/xyz/openbmc_project/sensors/temperature/gpu2_mem_temp",
                    "/xyz/openbmc_project/sensors/temperature/gpu3_core_temp",
                    "/xyz/openbmc_project/sensors/temperature/gpu3_mem_temp",
                    "/xyz/openbmc_project/sensors/temperature/gpu4_core_temp",
                    "/xyz/openbmc_project/sensors/temperature/gpu4_mem_temp",
                    "/xyz/openbmc_project/sensors/temperature/gpu5_core_temp",
                    "/xyz/openbmc_project/sensors/temperature/gpu5_mem_temp",

                    "/xyz/openbmc_project/sensors/temperature/p0_core0_temp",
                    "/xyz/openbmc_project/sensors/temperature/p0_core1_temp",
                    "/xyz/openbmc_project/sensors/temperature/p0_core2_temp",
                    "/xyz/openbmc_project/sensors/temperature/p0_core3_temp",
                    "/xyz/openbmc_project/sensors/temperature/p0_core4_temp",
                    "/xyz/openbmc_project/sensors/temperature/p0_core5_temp",
                    "/xyz/openbmc_project/sensors/temperature/p0_core6_temp",
                    "/xyz/openbmc_project/sensors/temperature/p0_core7_temp",
                    "/xyz/openbmc_project/sensors/temperature/p0_core8_temp",
                    "/xyz/openbmc_project/sensors/temperature/p0_core9_temp",
                    "/xyz/openbmc_project/sensors/temperature/p0_core10_temp",
                    "/xyz/openbmc_project/sensors/temperature/p0_core11_temp",
                    "/xyz/openbmc_project/sensors/temperature/p0_core12_temp",
                    "/xyz/openbmc_project/sensors/temperature/p0_core13_temp",
                    "/xyz/openbmc_project/sensors/temperature/p0_core14_temp",
                    "/xyz/openbmc_project/sensors/temperature/p0_core15_temp",
                    "/xyz/openbmc_project/sensors/temperature/p0_core16_temp",
                    "/xyz/openbmc_project/sensors/temperature/p0_core17_temp",
                    "/xyz/openbmc_project/sensors/temperature/p0_core18_temp",
                    "/xyz/openbmc_project/sensors/temperature/p0_core19_temp",
                    "/xyz/openbmc_project/sensors/temperature/p0_core20_temp",
                    "/xyz/openbmc_project/sensors/temperature/p0_core21_temp",
                    "/xyz/openbmc_project/sensors/temperature/p0_core22_temp",
                    "/xyz/openbmc_project/sensors/temperature/p0_core23_temp",
                    "/xyz/openbmc_project/sensors/temperature/p1_core0_temp",
                    "/xyz/openbmc_project/sensors/temperature/p1_core1_temp",
                    "/xyz/openbmc_project/sensors/temperature/p1_core2_temp",
                    "/xyz/openbmc_project/sensors/temperature/p1_core3_temp",
                    "/xyz/openbmc_project/sensors/temperature/p1_core4_temp",
                    "/xyz/openbmc_project/sensors/temperature/p1_core5_temp",
                    "/xyz/openbmc_project/sensors/temperature/p1_core6_temp",
                    "/xyz/openbmc_project/sensors/temperature/p1_core7_temp",
                    "/xyz/openbmc_project/sensors/temperature/p1_core8_temp",
                    "/xyz/openbmc_project/sensors/temperature/p1_core9_temp",
                    "/xyz/openbmc_project/sensors/temperature/p1_core10_temp",
                    "/xyz/openbmc_project/sensors/temperature/p1_core11_temp",
                    "/xyz/openbmc_project/sensors/temperature/p1_core12_temp",
                    "/xyz/openbmc_project/sensors/temperature/p1_core13_temp",
                    "/xyz/openbmc_project/sensors/temperature/p1_core14_temp",
                    "/xyz/openbmc_project/sensors/temperature/p1_core15_temp",
                    "/xyz/openbmc_project/sensors/temperature/p1_core16_temp",
                    "/xyz/openbmc_project/sensors/temperature/p1_core17_temp",
                    "/xyz/openbmc_project/sensors/temperature/p1_core18_temp",
                    "/xyz/openbmc_project/sensors/temperature/p1_core19_temp",
                    "/xyz/openbmc_project/sensors/temperature/p1_core20_temp",
                    "/xyz/openbmc_project/sensors/temperature/p1_core21_temp",
                    "/xyz/openbmc_project/sensors/temperature/p1_core22_temp",
                    "/xyz/openbmc_project/sensors/temperature/p1_core23_temp",

                    "/xyz/openbmc_project/sensors/temperature/dimm0_temp",
                    "/xyz/openbmc_project/sensors/temperature/dimm1_temp",
                    "/xyz/openbmc_project/sensors/temperature/dimm2_temp",
                    "/xyz/openbmc_project/sensors/temperature/dimm3_temp",
                    "/xyz/openbmc_project/sensors/temperature/dimm4_temp",
                    "/xyz/openbmc_project/sensors/temperature/dimm5_temp",
                    "/xyz/openbmc_project/sensors/temperature/dimm6_temp",
                    "/xyz/openbmc_project/sensors/temperature/dimm7_temp",
                    "/xyz/openbmc_project/sensors/temperature/dimm8_temp",
                    "/xyz/openbmc_project/sensors/temperature/dimm9_temp",
                    "/xyz/openbmc_project/sensors/temperature/dimm10_temp",
                    "/xyz/openbmc_project/sensors/temperature/dimm11_temp",
                    "/xyz/openbmc_project/sensors/temperature/dimm12_temp",
                    "/xyz/openbmc_project/sensors/temperature/dimm13_temp",
                    "/xyz/openbmc_project/sensors/temperature/dimm14_temp",
                    "/xyz/openbmc_project/sensors/temperature/dimm15_temp",

                    "/xyz/openbmc_project/sensors/voltage/p0_vdd_voltage",
                    "/xyz/openbmc_project/sensors/voltage/p0_vcs_voltage",
                    "/xyz/openbmc_project/sensors/voltage/p0_vddr_voltage",
                    "/xyz/openbmc_project/sensors/voltage/p0_vdn_voltage",
                    "/xyz/openbmc_project/sensors/voltage/p1_vcs_voltage",
                    "/xyz/openbmc_project/sensors/voltage/p1_vdd_voltage",
                    "/xyz/openbmc_project/sensors/voltage/p1_vddr_voltage",
                    "/xyz/openbmc_project/sensors/voltage/p1_vdn_voltage",

                    "/xyz/openbmc_project/sensors/power/p0_vdd_power",
                    "/xyz/openbmc_project/sensors/power/p0_vcs_power",
                    "/xyz/openbmc_project/sensors/power/p0_vddr_power",
                    "/xyz/openbmc_project/sensors/power/p0_vdn_power",
                    "/xyz/openbmc_project/sensors/power/p1_vdd_power",
                    "/xyz/openbmc_project/sensors/power/p1_vcs_power",
                    "/xyz/openbmc_project/sensors/power/p1_vddr_power",
                    "/xyz/openbmc_project/sensors/power/p1_vdn_power",

                    "/xyz/openbmc_project/sensors/temperature/p0_vcs_temp",
                    "/xyz/openbmc_project/sensors/temperature/p0_vddr_temp",
                    "/xyz/openbmc_project/sensors/temperature/p0_vdd_temp",
                    "/xyz/openbmc_project/sensors/temperature/p0_vdn_temp",
                    "/xyz/openbmc_project/sensors/temperature/p1_vcs_temp",
                    "/xyz/openbmc_project/sensors/temperature/p1_vddr_temp",
                    "/xyz/openbmc_project/sensors/temperature/p1_vdd_temp",
                    "/xyz/openbmc_project/sensors/temperature/p1_vdn_temp",

                    "/xyz/openbmc_project/sensors/current/p0_vcs_current",
                    "/xyz/openbmc_project/sensors/current/p0_vddr_current",
                    "/xyz/openbmc_project/sensors/current/p0_vdd_current",
                    "/xyz/openbmc_project/sensors/current/p0_vdn_current",
                    "/xyz/openbmc_project/sensors/current/p1_vcs_current",
                    "/xyz/openbmc_project/sensors/current/p1_vddr_current",
                    "/xyz/openbmc_project/sensors/current/p1_vdd_current",
                    "/xyz/openbmc_project/sensors/current/p1_vdn_current",

                    "/xyz/openbmc_project/sensors/power/fan_disk_power",
                    "/xyz/openbmc_project/sensors/power/io_power",
                    "/xyz/openbmc_project/sensors/power/total_power",
                    "/xyz/openbmc_project/sensors/power/p0_io_power",
                    "/xyz/openbmc_project/sensors/power/p0_mem_power",
                    "/xyz/openbmc_project/sensors/power/p0_power",
                    "/xyz/openbmc_project/sensors/power/p1_io_power",
                    "/xyz/openbmc_project/sensors/power/p1_mem_power",
                    "/xyz/openbmc_project/sensors/power/p1_power",

                    "/xyz/openbmc_project/sensors/voltage/ps0_input_voltage",
                    "/xyz/openbmc_project/sensors/voltage/ps0_output_voltage",
                    "/xyz/openbmc_project/sensors/voltage/ps1_input_voltage",
                    "/xyz/openbmc_project/sensors/voltage/ps1_output_voltage",

                    "/xyz/openbmc_project/sensors/power/ps0_input_power",
                    "/xyz/openbmc_project/sensors/power/ps1_input_power",

                    "/xyz/openbmc_project/sensors/current/ps0_output_current",
                    "/xyz/openbmc_project/sensors/current/ps1_output_current"
                ]
            }
        ]
    }
]
